no,nama,alamat,ketua,jenis_usaha,no_register,anggota,wilker
1,Ngudi Raharjo,Desa Wajak Kidul Kelurahan Boyolangu Kabupaten Tulungagung,Sugiono,Hutan Rakyat,35/04/02.2001/KTH/001/1983,77,2
2,Jati Mulyo,Desa Wajak Kidul Kelurahan Boyolangu Kabupaten Tulungagung,Ragil Santoso,Hutan Rakyat,35/04/02.2001/KTH/002/2004,35,2
3,Ngudi Rahayu,Desa Sanggrahan Kelurahan Boyolangu Kabupaten Tulungagung,M. Jaenuri,Hutan Rakyat,35/04/02.2002/KTH/003/1978,66,2
4,Ngudi Santoso,Desa Sanggrahan Kelurahan Boyolangu Kabupaten Tulungagung,Jamari,Hutan Rakyat,35/04/02.2002/KTH/004/2004,76,2
5,Wono Asri,Desa Pucungkidul Kelurahan Boyolangu Kabupaten Tulungagung,Imam Nafi'i,Hutan Rakyat,35/04/02.2003/KTH/005/2004,105,2
6,Sri Gading,Desa Bolorejo Kelurahan Kauman Kabupaten Tulungagung,Didin S,Hutan Rakyat,35/04/05.2001/KTH/006/2008,90,2
7,Tani Mulyo,Desa Karanganom Kelurahan Kauman Kabupaten Tulungagung,Yusuf,Kebun Bibit Rakyat & Hutan Rakyat,35/04/05.2009/KTH/007/2003,91,2
8,Harapan Maju,Desa Pucangan Kelurahan Kauman Kabupaten Tulungagung,Suratman,Hutan Rakyat,35/04/05.2010/KTH/008/2004,79,2
9,Sumber Lestari,Desa Kates Kelurahan Kauman Kabupaten Tulungagung,Sutikno,Hutan Rakyat,35/04/05.2011/KTH/009/2016,82,2
10,Kwt Kebonduren,Desa Kates Kelurahan Kauman Kabupaten Tulungagung,Eni Isnawati,Hutan Rakyat & Koperasi,35/04/05.2011/KTH/010/2010,23,2
11,Rukun Makmur,Desa Banaran Kelurahan Kauman Kabupaten Tulungagung,Mujalal,Hutan Rakyat,35/04/05.2012/KTH/011/2005,54,2
12,Tani Mulya,Desa Wonorejo Kelurahan Pagerwojo Kabupaten Tulungagung,Sukardi,Hutan Rakyat,35/04/06.2001/KTH/012/2005,39,2
13,Tani Mulya II,Desa Wonorejo Kelurahan Pagerwojo Kabupaten Tulungagung,Kabul Tri,Hutan Rakyat,35/04/06.2001/KTH/013/2005,34,2
14,Bambu Rinenggo,Desa Wonorejo Kelurahan Pagerwojo Kabupaten Tulungagung,Sukardi,"HR, HHBK Bambu",35/04/06.2001/KTH/014/2010,145,2
15,Mugi Mulyo I,Desa Kedungcangkring Kelurahan Pagerwojo Kabupaten Tulungagung,Mugiyat,Hutan Rakyat,35/04/06.2002/KTH/015/2007,32,2
16,Mugi Mulyo II,Desa Kedungcangkring Kelurahan Pagerwojo Kabupaten Tulungagung,Muhtar,Hutan Rakyat,35/04/06.2002/KTH/016/2007,39,2
17,Argo Makmur Jati II,Desa Kedungcangkring Kelurahan Pagerwojo Kabupaten Tulungagung,Mulyadi,Hutan Rakyat,35/04/06.2002/KTH/017/2010,41,2
18,Ngudi Makmur I,Desa Mulyosari Kelurahan Pagerwojo Kabupaten Tulungagung,Sanab,Hutan Rakyat,35/04/06.2003/KTH/018/2005,35,2
19,Ngudi Makmur II,Desa Mulyosari Kelurahan Pagerwojo Kabupaten Tulungagung,Sarengat,"Hutan Rakyat, Agroforestry",35/04/06.2003/KTH/019/2005,47,2
20,Kup Tunas Muda,Desa Mulyosari Kelurahan Pagerwojo Kabupaten Tulungagung,Slamet,"Hutan Rakyat, Porang , Anggrek",35/04/06.2003/KTH/020/2006,35,2
21,Ngudi Makmur,Desa Segawe Kelurahan Pagerwojo Kabupaten Tulungagung,Edi Santoso,Hutan Rakyat,35/04/06.2004/KTH/021/2005,41,2
22,Wana Lestari,Desa Segawe Kelurahan Pagerwojo Kabupaten Tulungagung,Wasis,Hutan Rakyat,35/04/06.2004/KTH/022/2007,38,2
23,Sari Karya,Desa Samar Kelurahan Pagerwojo Kabupaten Tulungagung,Sumaji,Hutan Rakyat,35/04/06.2005/KTH/023/2005,41,2
24,Bukit Lindung,Desa Samar Kelurahan Pagerwojo Kabupaten Tulungagung,Saring,"Hutan Rakyat, HHBK Bambu",35/04/06.2005/KTH/024/2009,156,2
25,Sumber Lestari,Desa Samar Kelurahan Pagerwojo Kabupaten Tulungagung,Paito,"Hutan Rakyat, Porang, Jahe",35/04/06.2005/KTH/025/2010,45,2
26,Bedok Lestari,Desa Samar Kelurahan Pagerwojo Kabupaten Tulungagung,0,Hutan Rakyat,35/04/06.2005/KTH/026/2012,36,2
27,Wana Bakti,Desa Penjor Kelurahan Pagerwojo Kabupaten Tulungagung,Mujiono,"Hutan Rakyat, HHBK Bambu, Lebah madu",35/04/06.2006/KTH/027/2005,45,2
28,Lebah Madu Wana      Bakti,Desa Penjor Kelurahan Pagerwojo Kabupaten Tulungagung,Paini,"Hutan Rakyat, PLDT, Lebah Madu (Apis Trigona)",35/04/06.2006/KTH/201/2015,15,2
29,Budi Mulya,Desa Pagerwojo Kelurahan Pagerwojo Kabupaten Tulungagung,A. Siunardi,B.Sengon,35/04/06.2007/KTH/028/2003,44,2
30,Budi Mulya 2,Desa Pagerwojo Kelurahan Pagerwojo Kabupaten Tulungagung,Sutoto,B.Sengon,35/04/06.2007/KTH/029/2005,98,2
31,Budi Mulya 3,Desa Pagerwojo Kelurahan Pagerwojo Kabupaten Tulungagung,Supangi,B.Sengon,35/04/06.2007/KTH/030/2015,19,2
32,Budi Mulya 4,Desa Pagerwojo Kelurahan Pagerwojo Kabupaten Tulungagung,Sari,B.Sengon,35/04/06.2007/KTH/031/2015,18,2
33,Budi Mulya 5,Desa Pagerwojo Kelurahan Pagerwojo Kabupaten Tulungagung,Riyadi,B.Sengon,35/04/06.2007/KTH/032/2015,18,2
34,Budi Mulya 6,Desa Pagerwojo Kelurahan Pagerwojo Kabupaten Tulungagung,Yatno,B.Sengon,35/04/06.2007/KTH/033/2015,18,2
35,Wana Bakti Makmur,Desa Kradinan Kelurahan Pagerwojo Kabupaten Tulungagung,Slamet,B.Sengon,35/04/06.2008/KTH/034/2003,36,2
36,Wana Bakti Makmur I,Desa Kradinan Kelurahan Pagerwojo Kabupaten Tulungagung,Aryoto,"B.Sengon, alpukat",35/04/06.2008/KTH/035/2004,51,2
37,Wana Bakti Makmur II,Desa Kradinan Kelurahan Pagerwojo Kabupaten Tulungagung,Warto,"B.Sengon, alpukat",35/04/06.2008/KTH/036/2004,53,2
38,Wana Bakti Makmur III,Desa Kradinan Kelurahan Pagerwojo Kabupaten Tulungagung,Suhud,"B.Sengon, alpukat",35/04/06.2008/KTH/037/2006,73,2
39,Wana Bakti I,Desa Kradinan Kelurahan Pagerwojo Kabupaten Tulungagung,Gunadi,"B.Sengon, jahe merah",35/04/06.2008/KTH/038/2007,101,2
40,Wana Bakti II,Desa Kradinan Kelurahan Pagerwojo Kabupaten Tulungagung,Wateni,B.Sengon,35/04/06.2008/KTH/039/2007,68,2
41,Wana Bakti III,Desa Kradinan Kelurahan Pagerwojo Kabupaten Tulungagung,Misdianto,"B.Sengon, jahe gajah",35/04/06.2008/KTH/040/2007,40,2
42,Wono Tirto,Desa Sidomulyo Kelurahan Pagerwojo Kabupaten Tulungagung,Sunyoto,"B.Sengon, Jabon",35/04/06.2009/KTH/041/2007,65,2
43,Tani Makmur,Desa Sidomulyo Kelurahan Pagerwojo Kabupaten Tulungagung,Agus ,"B.Sengon, Jabon",35/04/06.2009/KTH/042/2004,42,2
44,Wilis Makmur I,Desa Gondanggunung Kelurahan Pagerwojo Kabupaten Tulungagung,Tekad S,B.Sengon,35/04/06.2010/KTH/043/2005,32,2
45,Wilis Makmur II,Desa Gondanggunung Kelurahan Pagerwojo Kabupaten Tulungagung,Jemu,"B.Sengon, Durian, Manggis",35/04/06.2010/KTH/044/2005,52,2
46,Subur Makmur I,Desa Gondanggunung Kelurahan Pagerwojo Kabupaten Tulungagung,Victoria S,"B.Sengon, Durian, Manggis",35/04/06.2010/KTH/045/2007,37,2
47,Subur Makmur II,Desa Gondanggunung Kelurahan Pagerwojo Kabupaten Tulungagung,Suminto,"B.Sengon, Durian, Manggis",35/04/06.2010/KTH/046/2007,35,2
48,Aren Jaya Abadi,Desa Gondanggunung Kelurahan Pagerwojo Kabupaten Tulungagung,Sukardi,"B.Aren, Durian, Manggis",35/04/06.2010/KTH/047/2010,38,2
49,Agro Makmur Lestari,Desa Gondanggunung Kelurahan Pagerwojo Kabupaten Tulungagung,N. Harwanto,"B.Manggis, Durian",35/04/06.2010/KTH/048/2011,67,2
50,Aren Indo Raya,Desa Gambiran Kelurahan Pagerwojo Kabupaten Tulungagung,Nyoto,B.Sengon,35/04/06.2011/KTH/049/2003,20,2
51,Aren Indo Raya I,Desa Gambiran Kelurahan Pagerwojo Kabupaten Tulungagung,Suyani,B.Sengon,35/04/06.2011/KTH/050/2004,23,2
52,Aren Indo Raya II,Desa Gambiran Kelurahan Pagerwojo Kabupaten Tulungagung,Mujianto,B.Sengon,35/04/06.2011/KTH/051/2004,29,2
53,Aren Indo Raya III,Desa Gambiran Kelurahan Pagerwojo Kabupaten Tulungagung,Martopo,B.Sengon,35/04/06.2011/KTH/052/2007,27,2
54,Aren Indo Raya IV,Desa Gambiran Kelurahan Pagerwojo Kabupaten Tulungagung,Yahmin,B.Sengon,35/04/06.2011/KTH/053/2007,21,2
55,Tanggung Lestari,Desa Kedoyo Kelurahan Sendang Kabupaten Tulungagung,Nursalim,"Hutan Rakyat/Agroforestry, Lebah Klanceng, Peternakan",35/04/07.2001/KTH/054/2001,45,2
56,Tani Makmur I,Desa Nglutung Kelurahan Sendang Kabupaten Tulungagung,Sapoan,Hutan Rakyat,35/04/07.2002/KTH/055/2006,60,2
57,Tani Makmur II,Desa Nglutung Kelurahan Sendang Kabupaten Tulungagung,Talam,Hutan Rakyat,35/04/07.2002/KTH/056/2007,62,2
58,Tani Makmur III,Desa Nglutung Kelurahan Sendang Kabupaten Tulungagung,Tamar,Hutan Rakyat/Kebun Bibit Rakyat,35/04/07.2002/KTH/057/2007,49,2
59,Tani Makmur IV,Desa Nglutung Kelurahan Sendang Kabupaten Tulungagung,Mustofa,Hutan Rakyat,35/04/07.2002/KTH/058/2007,59,2
60,Jaya Makmur I,Desa Talang Kelurahan Sendang Kabupaten Tulungagung,Sunarji,Hutan Rakyat,35/04/07.2003/KTH/059/2006,95,2
61,Jaya Makmur II,Desa Talang Kelurahan Sendang Kabupaten Tulungagung,Siswoyo,Hutan Rakyat,35/04/07.2003/KTH/060/2007,93,2
62,Sumber Rejeki I,Desa Krosok Kelurahan Sendang Kabupaten Tulungagung,Tameji,Hutan Rakyat,35/04/07.2004/KTH/061/2004,64,2
63,Sumber Rejeki II,Desa Krosok Kelurahan Sendang Kabupaten Tulungagung,Juwari,Hutan Rakyat/Kebun Bibit Rakyat,35/04/07.2004/KTH/062/2006,91,2
64,Sumber Rejeki III,Desa Krosok Kelurahan Sendang Kabupaten Tulungagung,Isman,Hutan Rakyat,35/04/07.2004/KTH/063/2007,112,2
65,Sumber Rejeki IV,Desa Krosok Kelurahan Sendang Kabupaten Tulungagung,Yapan,Hutan Rakyat,35/04/07.2004/KTH/064/2007,116,2
66,Wono Lestari,Desa Dono Kelurahan Sendang Kabupaten Tulungagung,Yamadianto,Hutan Rakyat,35/04/07.2005/KTH/065/2007,62,2
67,Tugu Lertari,Desa Tugu Kelurahan Sendang Kabupaten Tulungagung,Saimun,Hutan Rakyat,35/04/07.2006/KTH/066/2006,67,2
68,Anjasmoro I,Desa Picisan Kelurahan Sendang Kabupaten Tulungagung,Sleman,Hutan Rakyat,35/04/07.2007/KTH/067/2003,59,2
69,Anjasmoro II,Desa Picisan Kelurahan Sendang Kabupaten Tulungagung,Supiyan,Hutan Rakyat,35/04/07.2007/KTH/068/2004,52,2
70,Anjasmoro III,Desa Picisan Kelurahan Sendang Kabupaten Tulungagung,Senen,Hutan Rakyat,35/04/07.2007/KTH/069/2005,43,2
71,Lertari,Desa Nyawangan Kelurahan Sendang Kabupaten Tulungagung,Sutrisno,Hutan Rakyat,35/04/07.2008/KTH/070/1999,58,2
72,Argo Mulyo,Desa Sendang Kelurahan Sendang Kabupaten Tulungagung,Sujiono,Hutan Rakyat,35/04/07.2009/KTH/071/2008,48,2
73,Tani Makmur,Desa Nglurup Kelurahan Sendang Kabupaten Tulungagung,Mukani,Hutan Rakyat/Kebun Bibit Rakyat,35/04/07.2010/KTH/072/2007,76,2
74,Barakan Lestari,Desa Geger Kelurahan Sendang Kabupaten Tulungagung,Kukuh,Hutan Rakyat/Kebun Bibit Rakyat,35/04/07.2011/KTH/073/1999,75,2
75,Tirto Lestari,Desa Geger Kelurahan Sendang Kabupaten Tulungagung,Mulyani,Hutan Rakyat/Kebun Bibit Rakyat,35/04/07.2011/KTH/074/2014,55,2
76,Windu Sejati,Desa Bungur Kelurahan Karangrejo Kabupaten Tulungagung,Sowoto,Hutan Rakyat,35/04/08.2001/KTH/075/2003,40,2
77,Sido Asih,Desa Bungur Kelurahan Karangrejo Kabupaten Tulungagung,Yaman,Hutan Rakyat,35/04/08.2001/KTH/076/2003,37,2
78,Mustika Jaya,Desa Babadan Kelurahan Karangrejo Kabupaten Tulungagung,Sumaji,Hutan Rakyat,35/04/08.2002/KTH/077/2006,52,2
79,Sari Bumi,Desa Punjul Kelurahan Karangrejo Kabupaten Tulungagung,H. Abu Mansur,Hutan Rakyat/Ternak,35/04/08.2011/KTH/078/2005,65,2
80,Tumpuk Lestari,Desa Punjul Kelurahan Karangrejo Kabupaten Tulungagung,Ngarsono,Hutan Rakyat,35/04/08.2011/KTH/079/2005,38,2
81,Ngudi Lestari,Desa Tulungrejo Kelurahan Karangrejo Kabupaten Tulungagung,Sumilan,Hutan Rakyat,35/04/08.2013/KTH/080/2003,46,2
82,Guyub Rukun,Desa Tulungrejo Kelurahan Karangrejo Kabupaten Tulungagung,Samuji,Hutan Rakyat/Ternak,35/04/08.2013/KTH/081/2003,42,2
83,Rekso Wono,Desa Tulungrejo Kelurahan Karangrejo Kabupaten Tulungagung,Purwanto,Hutan Rakyat,35/04/08.2013/KTH/082/2003,39,2
84,Adil II,Desa Sidem Kelurahan Gondang Kabupaten Tulungagung,Dugel,Hutan Rakyat Campuran,35/04/09.2014/KTH/083/2004,83,2
85,Adil III,Desa Sidem Kelurahan Gondang Kabupaten Tulungagung,Taslim,Hutan Rakyat Campuran,35/04/09.2014/KTH/084/2007,67,2
86,Adil IV,Desa Sidem Kelurahan Gondang Kabupaten Tulungagung,Sukari,Hutan Rakyat Campuran,35/04/09.2014/KTH/085/2007,70,2
87,Sidoluhur,Desa Sidomulyo Kelurahan Gondang Kabupaten Tulungagung,Sutekat,Hutan Rakyat Campuran,35/04/09.2015/KTH/086/2005,80,2
88,Subursantoso I,Desa Blendis Kelurahan Gondang Kabupaten Tulungagung,Kamdani,Hutan Rakyat Campuran,35/04/09.2016/KTH/087/2004,39,2
89,Subursantoso II,Desa Blendis Kelurahan Gondang Kabupaten Tulungagung,Lamidi,Hutan Rakyat Campuran,35/04/09.2016/KTH/088/2004,91,2
90,Subursantoso IV,Desa Blendis Kelurahan Gondang Kabupaten Tulungagung,Paryogi,Hutan Rakyat Campuran,35/04/09.2016/KTH/089/2005,48,2
91,Rukunsantoso I,Desa Tiudan Kelurahan Gondang Kabupaten Tulungagung,Samelan,Hutan Rakyat Campuran,35/04/09.2018/KTH/090/2005,97,2
92,Jati Rejo,Desa Pucanglaban Kelurahan Pucanglaban Kabupaten Tulungagung,Slamet,"Hutan Rakyat,  Jati, Sengon",35/04/12.2001/KTH/091/2006,32,2
93,Jati Mulyo,Desa Pucanglaban Kelurahan Pucanglaban Kabupaten Tulungagung,Supiyan B,"Hutan Rakyat,  Jati, Sengon",35/04/12.2001/KTH/092/2006,62,2
94,Margo Mulyo,Desa Pucanglaban Kelurahan Pucanglaban Kabupaten Tulungagung,Muksin,"Hutan Rakyat,  Jati, Sengon",35/04/12.2001/KTH/093/2004,47,2
95,Karya Maju,Desa Kalidawe Kelurahan Pucanglaban Kabupaten Tulungagung,Karim,"Hutan Rakyat Jati, Sengon",35/04/12.2002/KTH/094/1994,42,2
96,Tani Maju,Desa Kalidawe Kelurahan Pucanglaban Kabupaten Tulungagung,Pardi,"Hutan Rakyat Jati, Sengon",35/04/12.2002/KTH/095/2007,35,2
97,Ngudi Luhur,Desa Panggungkalak Kelurahan Pucanglaban Kabupaten Tulungagung,Giman,"Hutan Rakyat,  Jati, Sengon",35/04/12.2003/KTH/096/2006,48,2
98,Budi Luhur,Desa Panggungkalak Kelurahan Pucanglaban Kabupaten Tulungagung,Sutomo,"Hutan Rakyat,  Jati, Sengon",35/04/12.2003/KTH/097/2006,46,2
99,Tani Makmur,Desa Kali Gentong Kelurahan Pucanglaban Kabupaten Tulungagung,Singgit,"Hutan Rakyat,  Jati, Sengon",35/04/12.2004/KTH/098/2004,28,2
100,Harapan Makmur,Desa Kali Gentong Kelurahan Pucanglaban Kabupaten Tulungagung,Saijan,"Hutan Rakyat,  Jati, Sengon",35/04/12.2004/KTH/099/2005,31,2
101,Wono Makmur,Desa Sumberbendo Kelurahan Pucanglaban Kabupaten Tulungagung,Piyanto,"Hutan Rakyat Jati, TBT",35/04/12.2005/KTH/100/1994,25,2
102,Wono Dadi,Desa Sumberbendo Kelurahan Pucanglaban Kabupaten Tulungagung,Sumarji,"Hutan Rakyat,  Jati, Sengon",35/04/12.2005/KTH/101/2004,61,2
103,Wono Koyo,Desa Sumberbendo Kelurahan Pucanglaban Kabupaten Tulungagung,Suwito,"Hutan Rakyat,  Jati, Sengon",35/04/12.2005/KTH/102/2004,43,2
104,Wono Lestari,Desa Sumberbendo Kelurahan Pucanglaban Kabupaten Tulungagung,Paikun,"Hutan Rakyat,  Jati, Sengon",35/04/12.2005/KTH/103/2004,25,2
105,Margi Santoso,Desa Sumberbendo Kelurahan Pucanglaban Kabupaten Tulungagung,Sumaji,"Hutan Rakyat,  Jati, Sengon",35/04/12.2005/KTH/104/1994,34,2
106,Mekar Tani,Desa Manding Kelurahan Pucanglaban Kabupaten Tulungagung,Panut,"Hutan Rakyat Jati, Sengon",35/04/12.2006/KTH/105/2004,42,2
107,Kali Soko,Desa Manding Kelurahan Pucanglaban Kabupaten Tulungagung,Atim,"Hutan Rakyat,  Jati, Sengon",35/04/12.2006/KTH/106/2004,33,2
108,Tani Jaya,Desa Panggunguni Kelurahan Pucanglaban Kabupaten Tulungagung,Saino,"Hutan Rakyat,  Jati, Sengon",35/04/12.2007/KTH/107/2004,31,2
109,Tani Maju,Desa Panggunguni Kelurahan Pucanglaban Kabupaten Tulungagung,Miskan,"Hutan Rakyat,  Jati, Sengon",35/04/12.2007/KTH/108/2004,39,2
110,Tani Sejahtera,Desa Panggunguni Kelurahan Pucanglaban Kabupaten Tulungagung,Wagiman,"Hutan Rakyat,  Jati, Sengon",35/04/12.2007/KTH/109/2005,27,2
111,Sido Makmur I,Desa Sumberdadap Kelurahan Pucanglaban Kabupaten Tulungagung,Markuat,"Hutan Rakyat,  Jati, Sengon",35/04/12.2008/KTH/110/2004,44,2
112,Sido Makmur II,Desa Sumberdadap Kelurahan Pucanglaban Kabupaten Tulungagung,Suyono,"Hutan Rakyat,  Jati, Sengon",35/04/12.2008/KTH/111/2004,32,2
113,Sido Makmur III,Desa Sumberdadap Kelurahan Pucanglaban Kabupaten Tulungagung,Supardi,"Hutan Rakyat,  Jati, Sengon",35/04/12.2008/KTH/112/2004,37,2
114,Bumi Luhur,Desa Demuk Kelurahan Pucanglaban Kabupaten Tulungagung,Aminudin,"Hutan Rakyat,  Jati, Sengon",35/04/12.2009/KTH/113/2004,36,2
115,Bumi Subur,Desa Demuk Kelurahan Pucanglaban Kabupaten Tulungagung,Jumari,"Hutan Rakyat,  Jati, Sengon",35/04/12.2009/KTH/114/2010,39,2
116,Bumi Lestari,Desa Demuk Kelurahan Pucanglaban Kabupaten Tulungagung,Sujianto,"Hutan Rakyat,  Jati, Sengon",35/04/12.2009/KTH/115/2004,41,2
117,Tani Makmur I,Desa Sukorejo Wetan Kelurahan Rejotangan Kabupaten Tulungagung,Rusmi,Hutan Rakyat,35/04/13.2005/KTH/116/2003,21,2
118,Tani Makmur II,Desa Sukorejo Wetan Kelurahan Rejotangan Kabupaten Tulungagung,Gunaryo,Hutan Rakyat,35/04/13.2005/KTH/117/2005,50,2
119,Tani Makmur III,Desa Sukorejo Wetan Kelurahan Rejotangan Kabupaten Tulungagung,Ghofur,Hutan Rakyat,35/04/13.2005/KTH/118/2007,57,2
120,Sido Makmur I,Desa Tanen Kelurahan Rejotangan Kabupaten Tulungagung,Sunarko,Hutan Rakyat,35/04/13.2008/KTH/119/2004,50,2
121,Sido Makmur II,Desa Tanen Kelurahan Rejotangan Kabupaten Tulungagung,Mujiono,Hutan Rakyat,35/04/13.2008/KTH/120/2005,37,2
122,Karya Makmur II,Desa Sumberagung Kelurahan Rejotangan Kabupaten Tulungagung,Katirin,Hutan Rakyat,35/04/13.2009/KTH/121/2004,76,2
123,Karya Makmur III,Desa Sumberagung Kelurahan Rejotangan Kabupaten Tulungagung,Parno,Hutan Rakyat,35/04/13.2009/KTH/122/2004,51,2
124,Karya Makmur IV,Desa Sumberagung Kelurahan Rejotangan Kabupaten Tulungagung,Sunarko,Hutan Rakyat,35/04/13.2009/KTH/123/2006,81,2
125,Kebon,Desa Sumberagung Kelurahan Rejotangan Kabupaten Tulungagung,Sutris,Hutan Rakyat,35/04/13.2009/KTH/124/2007,46,2
126,Jati Agung I,Desa Sumberagung Kelurahan Rejotangan Kabupaten Tulungagung,Timan,Hutan Rakyat,35/04/13.2009/KTH/125/2007,34,2
127,Jati Agung II,Desa Sumberagung Kelurahan Rejotangan Kabupaten Tulungagung,Marjuni,Hutan Rakyat,35/04/13.2009/KTH/126/2007,42,2
128,Jati Agung III,Desa Sumberagung Kelurahan Rejotangan Kabupaten Tulungagung,Marsaid,Hutan Rakyat,35/04/13.2009/KTH/127/2004,56,2
129,Blimbing I,Desa Blimbing Kelurahan Rejotangan Kabupaten Tulungagung,Agus Purwanto,Hutan Rakyat,35/04/13.2010/KTH/128/2007,62,2
130,Sidoluhur,Desa Tenggong Kelurahan Rejotangan Kabupaten Tulungagung,Mursid,Hutan Rakyat,35/04/13.2015/KTH/129/2005,40,2
131,Usaha Jaya IV,Desa Kalibatur Kelurahan Kalidawir Kabupaten Tulungagung,Lamiran,Hutan Rakyat,35/04/14.2001/KTH/130/2002,65,2
132,Usaha Jaya V,Desa Kalibatur Kelurahan Kalidawir Kabupaten Tulungagung,Samsul Huda,Hutan Rakyat,35/04/14.2001/KTH/131/2004,62,2
133,Ngudi Subur,Desa Kalibatur Kelurahan Kalidawir Kabupaten Tulungagung,Marsum,Hutan Rakyat,35/04/14.2001/KTH/132/2004,35,2
134,Jaya Subur,Desa Kalibatur Kelurahan Kalidawir Kabupaten Tulungagung,Murjani,Hutan Rakyat,35/04/14.2001/KTH/133/2004,22,2
135,Sumber Lestari,Desa Rejosari Kelurahan Kalidawir Kabupaten Tulungagung,Mugiyat,Hutan Rakyat,35/04/14.2002/KTH/134/2009,43,2
136,Marsudi Tani III,Desa Rejosari Kelurahan Kalidawir Kabupaten Tulungagung,Budiono,Hutan Rakyat,35/04/14.2002/KTH/135/2003,75,2
137,Marsudi Tani V,Desa Rejosari Kelurahan Kalidawir Kabupaten Tulungagung,Ali Maksum,Hutan Rakyat,35/04/14.2002/KTH/136/2004,30,2
138,Marsudi Tani VIII,Desa Rejosari Kelurahan Kalidawir Kabupaten Tulungagung,H. Abunadi,Hutan Rakyat,35/04/14.2002/KTH/137/2005,47,2
139,Suko Makmur,Desa Sukorejo Kulon Kelurahan Kalidawir Kabupaten Tulungagung,Salam Nurhadi,Hutan Rakyat,35/04/14.2003/KTH/138/2007,25,2
140,Wono Langgeng,Desa Kalidawir Kelurahan Kalidawir Kabupaten Tulungagung,Mulyono,Hutan Rakyat,35/04/14.2004/KTH/139/2014,41,2
141,Barokah Tani,Desa Karangtalun Kelurahan Kalidawir Kabupaten Tulungagung,Sumiran,Hutan Rakyat,35/04/14.2005/KTH/140/2006,78,2
142,Tani Jaya I,Desa Banyuurip Kelurahan Kalidawir Kabupaten Tulungagung,Jumiran,Hutan Rakyat,35/04/14.2006/KTH/141/2004,60,2
143,Tani Jaya II,Desa Banyuurip Kelurahan Kalidawir Kabupaten Tulungagung,Suyatno,Hutan Rakyat,35/04/14.2006/KTH/142/2004,62,2
144,Ngudi Makur,Desa Banyuurip Kelurahan Kalidawir Kabupaten Tulungagung,Siswoyo,Hutan Rakyat,35/04/14.2006/KTH/143/2007,59,2
145,Trisna Jaya,Desa Banyuurip Kelurahan Kalidawir Kabupaten Tulungagung,Sinto,Hutan Rakyat,35/04/14.2006/KTH/144/2008,57,2
146,Ngudi Mulyo,Desa Winong Kelurahan Kalidawir Kabupaten Tulungagung,Sipan,Hutan Rakyat,35/04/14.2007/KTH/145/2001,55,2
147,Mongkrong Jaya,Desa Winong Kelurahan Kalidawir Kabupaten Tulungagung,Sutaji,Hutan Rakyat,35/04/14.2007/KTH/146/2003,45,2
148,Ngudi Makmur,Desa Winong Kelurahan Kalidawir Kabupaten Tulungagung,Siti Khoiriyah,Hutan Rakyat,35/04/14.2007/KTH/147/2004,63,2
149,Sido Makmur,Desa Joho Kelurahan Kalidawir Kabupaten Tulungagung,Anang Sakri,Hutan Rakyat,35/04/14.2008/KTH/148/2006,75,2
150,Tani Agung,Desa Joho Kelurahan Kalidawir Kabupaten Tulungagung,Agus Charmin,Hutan Rakyat,35/04/14.2008/KTH/149/2008,50,2
151,Pakis Sejati,Desa Pakisaji Kelurahan Kalidawir Kabupaten Tulungagung,Ribut Listiono,Hutan Rakyat,35/04/14.2009/KTH/150/2006,35,2
152,Ngudi Makmur,Desa Ngubalan Kelurahan Kalidawir Kabupaten Tulungagung,Munaris,Hutan Rakyat,35/04/14.2013/KTH/151/2003,72,2
153,Lestari,Desa Betak Kelurahan Kalidawir Kabupaten Tulungagung,Khoirur Rokim,Hutan Rakyat,35/04/14.2016/KTH/152/2007,64,2
154,Pagerharjo I,Desa Pagersari Kelurahan Kalidawir Kabupaten Tulungagung,Sumidjan,Hutan Rakyat,35/04/14.2017/KTH/153/2004,41,2
155,Pagerharjo II,Desa Pagersari Kelurahan Kalidawir Kabupaten Tulungagung,Samuri,Hutan Rakyat,35/04/14.2017/KTH/154/2006,85,2
156,Ngudi Wana Lestari,Desa Besuki Kelurahan Besuki Kabupaten Tulungagung,Sutarji,Hutan Rakyat,35/04/15.2003/KTH/155/2003,39,2
157,Rimba Desa,Desa Tanggul Turus Kelurahan Besuki Kabupaten Tulungagung,Samsudin,Hutan Rakyat,35/04/15.2005/KTH/156/2004,42,2
158,Redi Mulyo Lestari,Desa Sedayugunung Kelurahan Besuki Kabupaten Tulungagung,Suhud,Hutan Rakyat,35/04/15.2006/KTH/157/2003,40,2
159,Jirak Tani Makmur,Desa Sedayugunung Kelurahan Besuki Kabupaten Tulungagung,Paryanto,Hutan Rakyat,35/04/15.2006/KTH/158/2016,74,2
160,Karya Taruna,Desa Sitoyobagus Kelurahan Besuki Kabupaten Tulungagung,Jaelani,Hutan Rakyat,35/04/15.2009/KTH/159/2003,159,2
161,Rejo Makmur,Desa Tulungrejo Kelurahan Besuki Kabupaten Tulungagung,Mulyono,Hutan Rakyat,35/04/15.2010/KTH/160/2003,73,2
162,Guwolinci,Desa Ngentrong Kelurahan Campurdarat Kabupaten Tulungagung,Sobari,Hutan Rakyat  Pengkayaan,35/04/16.2001/KTH/161/1999,72,2
163,Sri Sedono,Desa Sawo Kelurahan Campurdarat Kabupaten Tulungagung,Wasian,Hutan Rakyat Pengkayaan,35/04/16.2003/KTH/162/2006,76,2
164,Karya Tani ,Desa Gamping Kelurahan Campurdarat Kabupaten Tulungagung,Paimin,Hutan Rakyat Pengkayaan,35/04/16.2004/KTH/163/2006,43,2
165,Giri Mulyo,Desa Gamping Kelurahan Campurdarat Kabupaten Tulungagung,Mulyanto,Hutan Rakyat Pengkayaan,35/04/16.2004/KTH/164/2007,76,2
166,Suko Maju,Desa Campurdarat Kelurahan Campurdarat Kabupaten Tulungagung,Lukman,Hutan Rakyat Pengkayaan,35/04/16.2005/KTH/165/2008,83,2
167,Mustiko Tani,Desa Pelem Kelurahan Campurdarat Kabupaten Tulungagung,Saniman,Hutan Rakyat Pengkayaan,35/04/16.2007/KTH/166/2005,46,2
168,Tani Jaya,Desa Pelem Kelurahan Campurdarat Kabupaten Tulungagung,Haryono,Hutan Rakyat Pengkayaan,35/04/16.2007/KTH/167/2006,105,2
169,Darma Harapan,Desa Pojok Kelurahan Campurdarat Kabupaten Tulungagung,Lamidi,Hutan Rakyat Pengkayaan,35/04/16.2008/KTH/168/2005,58,2
170,Sido Makmur,Desa Tanggung Kelurahan Campurdarat Kabupaten Tulungagung,Sutrisno,Hutan Rakyat Pengkayaan,35/04/16.2009/KTH/169/2005,74,2
171,Guyub Rukun I,Desa Nglampir Kelurahan Bandung Kabupaten Tulungagung,Suminto,Hutan Rakyat,35/04/17.2001/KTH/170/2010,15,2
172,Guyub Rukun II,Desa Nglampir Kelurahan Bandung Kabupaten Tulungagung,Sulawan,Hutan Rakyat,35/04/17.2001/KTH/171/2012,15,2
173,Guyub Rukun III,Desa Nglampir Kelurahan Bandung Kabupaten Tulungagung,Sadikun,Hutan Rakyat,35/04/17.2001/KTH/172/2013,16,2
174,Tani Makmur,Desa Talunkulon Kelurahan Bandung Kabupaten Tulungagung,Wasingin,Hutan Rakyat,35/04/17.2002/KTH/173/2009,17,2
175,Sido Makmur,Desa Bantengan Kelurahan Bandung Kabupaten Tulungagung,Sukaji,Hutan Rakyat,35/04/17.2003/KTH/174/2010,15,2
176,Lohjinawi II,Desa Sebalor Kelurahan Bandung Kabupaten Tulungagung,Kasidin,Hutan Rakyat,35/04/17.2010/KTH/175/2011,15,2
177,Lohjinawi III,Desa Sebalor Kelurahan Bandung Kabupaten Tulungagung,Kardi,Hutan Rakyat,35/04/17.2010/KTH/176/2011,19,2
178,Sidomulyo,Desa Sukoharjo Kelurahan Bandung Kabupaten Tulungagung,Jiat,Hutan Rakyat,35/04/17.2011/KTH/177/2011,18,2
179,Kaliwungu,Desa Kresikan Kelurahan Tanggunggunung Kabupaten Tulungagung,Sumadi Yuono,Hutan Rakyat,35/04/19.2001/KTH/178/2009,65,2
180,Karya Mukti,Desa Kresikan Kelurahan Tanggunggunung Kabupaten Tulungagung,Sutono,Hutan Rakyat,35/04/19.2001/KTH/179/2010,68,2
181,Ngresah,Desa Kresikan Kelurahan Tanggunggunung Kabupaten Tulungagung,Sijan Sainudin,Hutan Rakyat,35/04/19.2001/KTH/180/2009,72,2
182,Wonoagung,Desa Jengglungharjo Kelurahan Tanggunggunung Kabupaten Tulungagung,Suwadat,Hutan Rakyat,35/04/19.2002/KTH/181/2014,65,2
183,Jengglung Mulyo,Desa Jengglungharjo Kelurahan Tanggunggunung Kabupaten Tulungagung,Wajir,Hutan Rakyat,35/04/19.2002/KTH/182/2005,63,2
184,Klumpit,Desa Jengglungharjo Kelurahan Tanggunggunung Kabupaten Tulungagung,Supriyanto,Hutan Rakyat,35/04/19.2002/KTH/183/2008,63,2
185,Plandaan,Desa Jengglungharjo Kelurahan Tanggunggunung Kabupaten Tulungagung,Ebon Hartono,Hutan Rakyat,35/04/19.2002/KTH/184/2010,58,2
186,Wonokoyo,Desa Ngrejo Kelurahan Tanggunggunung Kabupaten Tulungagung,Sugito,Hutan Rakyat,35/04/19.2003/KTH/185/2006,79,2
187,Wan Asri,Desa Ngrejo Kelurahan Tanggunggunung Kabupaten Tulungagung,Bandi,Hutan Rakyat,35/04/19.2003/KTH/186/2004,65,2
188,Jaten Raya,Desa Ngrejo Kelurahan Tanggunggunung Kabupaten Tulungagung,Jaidi,Hutan Rakyat,35/04/19.2003/KTH/187/2005,92,2
189,Kalianget Asri,Desa Ngrejo Kelurahan Tanggunggunung Kabupaten Tulungagung,Murjito,Hutan Rakyat,35/04/19.2003/KTH/188/2004,69,2
190,Wonojoyo,Desa Tanggunggunung Kelurahan Tanggunggunung Kabupaten Tulungagung,Supriyono,Hutan Rakyat,35/04/19.2004/KTH/189/2003,65,2
191,Ngemplaksari,Desa Tanggunggunung Kelurahan Tanggunggunung Kabupaten Tulungagung,Lani,Hutan Rakyat,35/04/19.2004/KTH/190/2004,63,2
192,Ngipik,Desa Tanggungunung Kelurahan Tanggunggunung Kabupaten Tulungagung,Sukijan,Hutan Rakyat,35/04/19.2004/KTH/191/2005,73,2
193,Banyon,Desa Ngepoh Kelurahan Tanggunggunung Kabupaten Tulungagung,Sutrisno Azis,Hutan Rakyat,35/04/19.2005/KTH/192/2004,102,2
194,Ngrancah,Desa Ngepoh Kelurahan Tanggunggunung Kabupaten Tulungagung,Sukiran Bero,Hutan Rakyat,35/04/19.2005/KTH/193/2004,86,2
195,Bolu Makmur,Desa Ngepoh Kelurahan Tanggunggunung Kabupaten Tulungagung,Samsudin,Hutan Rakyat,35/04/19.2005/KTH/194/2005,68,2
196,Tani Mulyo,Desa Tenggarejo Kelurahan Tanggunggunung Kabupaten Tulungagung,Sumadi S,Hutan Rakyat,35/04/19.2006/KTH/195/2003,45,2
197,Turi Bersemi,Desa Tenggarejo Kelurahan Tanggunggunung Kabupaten Tulungagung,Suwandi,Hutan Rakyat,35/04/19.2006/KTH/196/2008,79,2
198,Bakalan Asri,Desa Tenggarejo Kelurahan Tanggunggunung Kabupaten Tulungagung,Ladi,Hutan Rakyat,35/04/19.2006/KTH/197/2010,48,2
199,Harapan II,Desa Pakiisrejo Kelurahan Tanggunggunung Kabupaten Tulungagung,Rumiyar,Hutan Rakyat,35/04/19.2007/KTH/198/2004,68,2
200,Wana Lestari,Desa Pakiisrejo Kelurahan Tanggunggunung Kabupaten Tulungagung,Siswanto,Hutan Rakyat,35/04/19.2007/KTH/199/2004,67,2
201,Jinggring Mulyo,Desa Pakiisrejo Kelurahan Tanggunggunung Kabupaten Tulungagung,Suyut,Hutan Rakyat,35/04/19.2007/KTH/200/2010,74,2
202,Sumber Lestari ,Kelurahan Prigi  Kecamatan Watulimo  Kabupaten Trenggalek,Sukadji ,Perhutanan Sosial ,35/03/08/2011/KTH/078/2023 ,300,1
203,Tani Sentosa ,Kelurahan Ngulungkulon Kecamatan Munjungan Kabupaten Trenggalek,Sumari,Perhutanan Sosial ,35/03/02/2001/KTH/079/2023,760,1
204,Bukit Lestari Dawuhan ,Kelurahan Dawuhan Kecamatan Trenggalek Kabupaten Trenggalek,Sapangat ,Perhutanan Sosial ,35/03/11/2013/KTH/080/2023,754,1
205,Rimbun Sumber Sari ,Kelurahan Gandusari Kecamatan Gandusari Kabupaten Trenggalek,Tarmuji ,Perhutanan Sosial ,35/03/10/2006/KTH/081/2023,28,1
206,Sumber Rejeki,Kelurahan Munjungan Kecamatan Munjungan Kabupaten Trenggalek,Sunoto,"PerhutananSosial.Budidaya Cengkeh, Kelapa dan Pucung ",35/03/02/2008/KTH/087/2023,801,1
207,Sido Rukun,Kelurahan Wonocoyo Kecamatan Panggul Kabupaten Trenggalek,Sukarwo,Perhutanan Sosial ,35/03/01/2004/KTH/092/2023,670,1
208,Rimbun Sanggar Makmur,"Dsn. Sanggar, Desa Besuki, Kec. Panggul, Kab. Trenggalek",Suyono,"Hutan Rakyat, pembuatan pupuk organik",35/03/01/2001/KTH.001/2015,40,1
209,Rimbun Bukit Harapan,"Dsn. Karangtengah, Desa Karangtengah, Kec. Panggul, Kab. Trenggalek",Sukiran,Hutan Rakyat,35/03/01/2003/KTH.002/2015,35,1
210,Rimbun Bukit Ulung,"Dsn. Paturan, Desa Depok, Kec. Panggul, Kab. Trenggalek",Jatimin,"Hutan Rakyat, pembuatan gula aren, budidaya Porang",35/03/01/2005/KTH.003/2015,22,1
211,Rimbun Bukit Petung,"Dsn. Petung, Desa Manggis, Kec. Panggul, Kab. Trenggalek",Suparji A.,Hutan Rakyat,35/03/01/2016/KTH.004/2015,26,1
212,Rimbun Bunga Lestari,"RT 6 RW 2 Dsn.Ngrejo, Desa Ngulungkulon, Kec. Munjungan, Kab. Trenggalek",Kajunianto,"Hutan Rakyat, Madu cerana",35/03/02/2001/KTH.005/2015,24,1
213,Rimbun Wono Lestari,"RT 14 RW 3 Dsn.Krajan, Desa Ngulungwetan, Kec. Munjungan, Kab. Trenggalek",Sutarji,Hutan Rakyat,35/03/02/2003/KTH.006/2015,26,1
214,Rimbun Tani Sejahtera,"RT 28 RW 6 Dsn.Gabahan, Desa Tawing, Kec. Munjungan, Kab. Trenggalek",Samikir,"Hutan Rakyat, pembuatan gula aren",35/03/02/2006/KTH.007/2015,29,1
215,Rimbun Wana Basuki,"RT 13 RW 3 Dsn.Ponggok, Desa Besuki, Kec. Munjungan, Kab. Trenggalek",Kadeni,"Hutan Rakyat, Jahe instan",35/03/02/2009/KTH.008/2015,26,1
216,Pule Alam Lestari (Gapoktanhut),"Dsn.Tirisan, Ds.Pule, Kec.Pule, Kab.Trenggalek",Marni,"Budidaya empon-empon, budidaya Porang",35/03/03/2006/KTH.009/2018,35,1
217,Rimbun Rukun Sejahtera,Dusun Krajan RT.06/RW.01,Jarno,"Lebah Madu, Agroforestri, Minyak Atsiri",35/03/03/2007/KTH.010/2015,71,1
218,Rimbun Ngudi Mulyo,"Dusun Ponggok RT.33/RW.04, Ds. Karanganyar, Kec. Pule, Kab. Trenggalek",Purwito,"Lebah Madu, Agroforestri, Aren, Minyak Atsiri",35/03/03/2008/KTH.011/2015,86,1
219,Rimbun Pring Tulis,Dusun Jombok RT.22/RW.07,"Slamet Riyadi, S.Pd","Lebah Madu, Agroforestri",35/03/03/2009/KTH.012/2016,65,1
220,Rimbun Jompong Lestari,"Dsn. Jompong RT 18 RW 7 , Desa Sukokidul, Kec. Pule, Kab. Trenggalek",Puthut Warsi,"Hutan Rakyat, pembuatan mebel kayu",35/03/03/2010/KTH.013/2016,74,1
221,Mekar Sari,RT )9 RW 02 Dusun Plapar Desa Cakul Kecamata Dongko ,Dawami,Hutan Rakyat,35/03/04/2001/KTH.014/2013,20,1
222,Rimbun Maju Makmur,RT 41 Rw 15 Dusun Sambi Desa Pandean Kec. Dongko Kab. Trenggalek,Sumarni,Hutan Rakyat,35/03/04/2004/KTH.015/2019,23,1
223,Tani Mulyo,"Dsn.Krajan RT 07 RW 02 Desa Petung, Kec. Dongko, Kab. Trenggalek",Kadir,"Hutan Rakyat, Pembuatan biting bambu,  pembuatan bokashi",35/03/04/2005/KTH.016/2013,45,1
224,Rimbun Salam Lestari,"Dsn.Kori RT 41 RW 012 Desa Salamwates, Kec. Dongko, Kab. Trenggalek",Muyaji,Hutan Rakyat,35/03/04/2006/KTH.017/2018,32,1
225,Bahagia,"Dsn.Jajar Rt 53 RW 012 Desa Dongko, Kec. Dongko, Kab. Trenggalek",Saijo Winarno,Hutan Rakyat,35/03/04/2007/KTH.018/2013,25,1
226,Gapoktanhut Laskar Bumi,"Dsn.Karangtengah RT 26 RW 007 Desa Dongko, Kec. Dongko, Kab. Trenggalek",Agus Supriyanto,Hutan Rakyat,35/03/04/2007/KTH.019/2018,35,1
227,Rimbun Sumber Karya,"Dsn.Mloko RT 24 RW 05 Desa Sumberbening, Kec. Dongko, Kab. Trenggalek",Sidik,Hutan Rakyat,35/03/04/2008/KTH.020/2018,26,1
228,Rimbun Makmur Abadi,"Dusun Krajan Rt 07 RW 02  Ds Pringapus, Kec. Dongko Kab. Trenggalek",Karyanto,Hutan Rakyat,35/03/04/2010/KTH.021/2015,35,1
229,Rimbun Abadi Makmur,0,Siswanto,Hutan Rakyat,35/03/05/2001/KTH.022/2015,45,1
230,Rimbun Tuwuh Makmur,"Dusun Krajan RT 04 RW 02, Desa Gading, Kec. Tugu, Kab. Trenggalek",Yateni,"Hutan Rakyat, Agroforestry, Ternak kambing, wanafarma, pembuatan jahe instan.",35/03/05/2002/KTH.023/2015,40,1
231,Rimbun Duren Perkasa,0,Suwito,Hutan Rakyat,35/03/05/2003/KTH.024/2015,71,1
232,Rimbun Jati Emas,"Dusun Kasihan RT 27 RW 12 Desa Ngepeh, Kec. Tugu, Kab. Trenggalek",Teguh,Hutan Rakyat,35/03/05/2005/KTH.025/2015,60,1
233,Rimbun Dukuh Makmur,"Dusun Mojo Kidul RT 22 RW .08 Desa Jambu, Kec. Tugu, Kab. Trenggalek",Meseri,Hutan Rakyat,35/03/05/2006/KTH.026/2016,40,1
234,Rimbun Bumi Prambon,"Dsn Pakel RT 28 RW 05 Desa Prambon, Kec. Tugu, Kab. Trenggalek.",Abu Chamid,Hutan Rakyat,35/03/05/2015/KTH.027/2018,34,1
235,Rimbun Sadar Lestari,0,Slamet,Hutan Rakyat,35/03/06/2001/KTH.028/2016,42,1
236,Rimbun Wana Lestari,Dusun Jati Desa Jati Kec Karangan Kab Trenggalek ,Muyanto,Hutan Rakyat,35/03/06/2002/KTH.029/2016,33,1
237,Rimbun Wana Subur,Dsn Karangsono Rt 05 Rw 02 Desa Sukowetan Kec. Karangan Kab. Trenggalek ,Mujadi,Hutan Rakyat,35/03/06/2007/KTH.030/2015,61,1
238,Rimbun Pojok Lestari,"Dsn Ngentrong, TR 13 Rw 03 Desa Ngentrong Kec. Karangan Kab. Trenggalek ",Kadirun,Hutan Rakyat,35/03/06/2008/KTH.031/2015,38,1
239,Rimbun Jati Mekar,0,Imam Tarmudi,Hutan Rakyat,35/03/06/2012/KTH.032/2015,46,1
240,Rimbun Wono Dadi,"Dsn. Tanjung RT 11 RW 02, Desa Ngadimulyo, Kec. Kampak, Kab. Trenggalek",Edi Purniawan,"Hutan Rakyat, Pembuatan reyeng bambu",35/03/07/2001/KTH.033/2015,100,1
241,Rimbun Wana Agung,"Dsn. Branjang RT 12 RW 06, Desa Bogoran, Kec. Kampak, Kab. Trenggalek",Sarji,"Hutan Rakyat, Bambu",35/03/07/2002/KTH.034/2015,83,1
242,Rimbun Bukit Hijau,"Dsn. Genuk RT 22 RW 06, Desa Timahan, Kec. Kampak, Kab. Trenggalek",Bukhori,Hutan Rakyat,35/03/07/2003/KTH.035/2015,120,1
243,Rimbun Alam Sejahtera,"Dsn. Pesu RT 47 RW 14, Desa Karangrejo, Kec. Kampak, Kab. Trenggalek",Nyamin,"Hutan Rakyat, Bambu",35/03/07/2005/KTH.036/2015,84,1
244,Rimbun Semi Subur,"Dusun Tirto RT 04 RW 02, Desa Karanggandu, Kec. Watulimo, Kabupaten Trenggalek",Muasir,Hutan Rakyat,35/03/08/2001/KTH.037/2015,68,1
245,Rimbun Lestari,"Dsn. Singgahan RT 10 RW 04, Desa Sawahan, Kec. Watulimo, Kab. Trenggalek",Suwoto,Hutan Rakyat,35/03/08/2002/KTH.038/2016,48,1
246,Rimbun Sumber Makmur,"Dusun Krajan RT 9 RW 3, Desa Dukuh, Kec. Watulimo, Kabupaten Trenggalek",H. Saelan,Hutan Rakyat,35/03/08/2003/KTH.039/2015,92,1
247,Rimbun Suka Maju,"Dusun Glatik RT 11 RW 02, Desa Pakel, Kec. Watulimo, Kabupaten Trenggalek",Winardi,"Hutan Rakyat, Ternak kambing PE, pembuatan bokashi, pembuatan reyeng bambu",35/03/08/2004/KTH.040/2015,62,1
248,Rimbun Tani Makmur,"Dusun Ngembel RT 08 RW 02, Desa Ngembel, Kec. Watulimo, Kabupaten Trenggalek",Sarwan,Hutan Rakyat,35/03/08/2006/KTH.041/2016,89,1
249,Rimbun Bukit Lestari,"Dusun Kojur RT 15 RW 06, Desa Gemaharjo, Kec. Watulimo, Kabupaten Trenggalek",Suwanto,Hutan Rakyat,35/03/08/2008/KTH.042/2015,83,1
250,Rimbun Ngudi Rukun,"Dusun Krajan RT 8 RW 3, Desa Watulimo, Kec. Watulimo, Kabupaten Trenggalek",Sumardi,Hutan Rakyat,35/03/08/2009/KTH.043/2015,86,1
251,Rimbun Masaran Lestari,"Dsn. Masaran Wetan RT 02 RW 01, Desa Masaran, Kec. Bendungan, Kab. Trenggalek",Bentos,Hutan Rakyat,35/03/09/2001/KTH.044/2019,32,1
252,Rimbun Sengon Lestari,"Dsn. Puthuk RT 07 RW 03, Desa Sengon, Kec. Bendungan, Kab. Trenggalek ",Januri,Hutan Rakyat,35/03/09/2002/KTH.045/2015,44,1
253,Rimbun Jaya Abadi,"Dsn. Tawing RT 15 RW 06, Desa Surenlor, Kec. Bendungan, Kab. Trenggalek ",Parni,"Hutan Rakyat, Ternak sapi",35/03/09/2003/KTH.046/2015,62,1
254,Rimbun Rahayu Lestari,"Dsn. Ampelgading RT 10 RW 64, Desa Srabah, Kec. Bendungan, Kab. Trenggalek ",Jumani,Hutan Rakyat,35/03/09/2005/KTH.048/2019,34,1
255,Rimbun Muji Lestari,"Dsn. Kebonagung RT 13 RW 05, Desa Depok, Kec. Bendungan, Kab. Trenggalek ",Bibit,Hutan Rakyat,35/03/09/2007/KTH.049/2015,58,1
256,Rimbun Bumi Lestari,"Dsn. Krapyak RT 21 RW 07, Desa Botoputih, Kec. Bendungan, Kab. Trenggalek ",Marji,"Agroforestry, Ternak sapi perah",35/03/09/2008/KTH.050/2015,75,1
257,Rimbun Wono Koyo,0,Mujahidin,Hutan Rakyat,35/03/10/2002/KTH.051/2015,84,1
258,Rimbun Wono Mulyo,0,Adi Suyatno,"Hutan Rakyat, Bambu",35/03/10/2003/KTH.052/2015,79,1
259,Rimbun Wonoanti,0,Yeni Wahyu Widodo,Hutan Rakyat,35/03/10/2004/KTH.053/2018,80,1
260,Rimbun Jajar Abadi,0,Sutrisno,Hutan Rakyat,35/03/10/2005/KTH.054/2015,73,1
261,Rimbun Wana Mukti,0,Tasmin,Hutan Rakyat,35/03/10/2007/KTH.055/2015,69,1
262,Rimbun Alam Lestari,Rt 025 RW 006 Dsn Ngares Ds ngares Kec Trengggalek,Lamidi,Hutan Rakyat,35/03/11/2001/KTH.056/2015,34,1
263,Rimbun Agro Lestari,0,Tulus,Hutan Rakyat,35/03/11/2001/KTH.057/2018,25,1
264, Rimbun Sido Asri,Dsn Mojo Desa Sumberdadi Kecamatan Trenggalek Kab. Trenggalek ,Jumani ,"Agroforestri, Hutan Rakyat ",35/03/11/2009/KTH/058/2016,50,1
265,Rimbun Lestari Jaya,Dusun Telasih RT 02 RW 01 Ds Parakan Kec. Trenggalek Kab. Trenggalek ,Sudahlan,Hutan Rakyat,35/03/11/2012/KTH.059/2015,33,1
266,Rimbun Buana Lestari,Rt 16 Rw 02 Dsn Dawuhan Ds Dawuhan Kec. Trenggalek Kab Trenggalek ,Imam Raharjo,Hutan Rakyat,35/03/11/2013/KTH.060/2016,36,1
267,Rimbun Tunas Makmur,"Dsn. Kranding, RT 36  RW  15 Desa Bendorejo Kec. Pogalan Kab. Trenggalek",Ari Tunggul Pramono,Pembibitan,35/03/12/2006/KTH.061/2016,45,1
268,Rimbun Sumber Urip,"Dsn. Gembleb, RT 14  RW  05 Desa Gembleb, Kecamatan Pogalan Kabupaten Trenggalek",Sunarto,"Hutan Rakyat,pembuatan mebel berbahan kayu",35/03/12/2007/KTH.062/2018,35,1
269,Rimbun Sumber Makmur,"Dsn. Sumber, RT 10  RW  05 Desa Ngulanwetan, Kecamatan Pogalan Kabupaten Trenggalek",Mulyono,"Hutan Rakyat, kripik bothe",35/03/12/2009/KTH.063/2016,33,1
270,Rimbun Maju Lestari,0,Setiyono,Hutan Rakyat/Pembibitan,35/03/12/2010/KTH.064/2015,20,1
271,Rimbun Tani Mulyo,"Dsn. Pingit Lor RT 15 RW 4 Desa Gador, Kec. Durenan. Kabupaten Trenggalek",Mujito,Hutan Rakyat,35/03/13/2002/KTH.065/2016,42,1
272,Rimbun Sido Langgeng,"Dsn. Ngrejo RT 16 RW 3 Desa Sumberejo, Kec. Durenan. Kabupaten Trenggalek",Nawir Budiono,Hutan Rakyat,35/03/13/2005/KTH.066/2016,55,1
273,Rimbun Pucang Jaya,"Dsn. Pucang RT 20  Desa Pakis, Kec. Durenan. Kabupaten Trenggalek",Mukaji,Hutan Rakyat,35/03/13/2007/KTH.067/2016,49,1
274,Rimbun Lingga Makmur,Dusun Salam RT.12/RW.03,Sartono,Agroforestri,35/03/14/2003/KTH.068/2015,52,1
275,Rimbun Subur Sejahtera,Dusun Miri RT.34/RW.08,Sarno,Hutan Rakyat,35/03/14/2005/KTH.069/2016,48,1
276,Rimbun Sumber Lestari,Dusun Sumberjo RT.19/RW.04,Sugini,Hutan Rakyat,35/03/14/2007/KTH.070/2015,94,1
277,Rimbun Gayam Lestari,"Dusun Kraan Desa Gayam, Kecamatan Panggul Kabupaten Trenggalek",Sarwanto,"Hutan Rakyat, Budidaya Lebah cerana",35/03/01/2007/KTH.071/2021,31,1
278,Rimbun Lestari Mas,Dusun Tirisan Desa Pule Kecamatan Pule Kabupaten Trenggalek,Marni,"empon-empon, Porang",35/03/03/2006/KTH.072/2021,26,1
279,Rimbun Sumber Makmur,"Dsn Sumbermadu RT 20 RW 08 Desa Pucanganak, Kec. Tugu, Kab. Trenggalek.",Solabat,"Hutan Rakyat, Budidaya Porang",35/03/05/2004/KTH.073/2019,29,1
280,Rimbun Tapan Makmur,"Dusun Karangan, Desa Karangan, Kecamatan Karangan, Kabupaten Trenggalek",Rofiq Jorgi,"Hutan Rakyat,Pembibitan, Pembuatan Pupuk Organik",35/03/06/2003/KTH.074/2021,20,1
281,Rimbun Sugih Abadi,"Dusun Wates RT 07 RW 03, Desa Sugihan, Kecamatan Kampak, Kabupaten Trenggalek",Turni,"Hutan Rakyat, Ternak Kambing, Pengolahan Kripik",35/03/07/2006/KTH.075/2021,55,1
282,Alas Panguripan,Ds Sambirejo Kec Trenggalek Kab Trenggalek ,Bayu Rianton,"Hutan Rakyat, Agroforestry",35/03/11/2008/KTH.076/2021,15,1
283,Rimbun Sido Makmur,Ds Kembangan Kec Pule Kab. Trenggalek,Sujianto ,"Hutan Rakyat, Agroforestry",35/03/03/2006/KTH/082/2023,27,1
284,Rimbun Krandegan Bersemi ,Ds Krandegan Kec Gandusari Kab Trenggalek ,Munir,Persemaian tanaman hutan,35/03/10/2010/KTH/083/2022,23,1
285,Cakra Buana,Ds Suruh Kec. Suruh Kab Trenggalek ,Sudirman ,Hutan Rakyat,35/03/14/2006/KTH/084/2022,20,1
286,Rimbun Senawang Bersemi,Ds Sukosari Kec. Trenggalek Kab.Trenggalek ,Widiyono,Hutan Rakyat ,35/03/11/2011/KTH/085/2024,27,1
287,Rimbun Masaran Asri ,Ds Masaran Kec.Munjungan Kab. Trenggalek,Imam Muhsin ,Hutan Rakyat ,35/03/02/2005/KTH/086/2024,27,1
288,Rimbun Bukit lenggono ,Ds Terbis Kec. Panggul Kab. Trenggalek ,Isnen Riyanto,"Hutan Rakyat, Agroforestry ",35/03/01/2005/KTH/086/2024,0,1
289,Rimbun Tani Lestari ,Ds Craken Kec. Munjungan Kab. Trenggalek  ,Zainal Arifin,Hutan Rakyat ,35/03/02/2004/KTH/091/2024,21,1
290,Tani Mulyo,Desa Jugo Kecamatan Mojo Kab. Kediri,Sunawan,-,-,30,3
291,Marsudi Mulyo,Desa Jugo Kecamatan Mojo Kab. Kediri,Tasmirah,-,-,35,3
292,Margi Mulyo,Desa Jugo Kecamatan Mojo Kab. Kediri,Priyo Darmadi,-,-,27,3
293,Blimbing Murni,Desa Blimbing Kecamatan Mojo Kab. Kediri,Jemi Lestari,-,-,23,3
294,Margo Tani,Desa Keniten Kecamatan Mojo Kab. Kediri,Abdulloh,-,-,83,3
295,Margo Tani Selogilang,Desa Keniten Kecamatan Mojo Kab. Kediri,Adi Priyono,-,-,32,3
296,Murni Jaya,Desa Mondo Kecamatan Mojo Kab. Kediri,Sifa Darul Amik,-,-,54,3
297,Pamong Tani I,Desa Pamongan Kecamatan Mojo Kab. Kediri,Waris,-,-,25,3
298,Pamong Tani,Desa Pamongan Kecamatan Mojo Kab. Kediri,Jaenal,-,-,27,3
299,Wilis Jaya,Desa Petungroto Kecamatan Mojo Kab. Kediri,Pujiono,-,-,30,3
300,Mayang Tani,Desa Petungroto Kecamatan Mojo Kab. Kediri,Juwadi,-,-,30,3
301,Serba Jaya I,Desa Ngetrep Kecamatan Mojo Kab. Kediri,Kawit,-,-,25,3
302,Serba Jaya Wareng,Desa Ngetrep Kecamatan Mojo Kab. Kediri,Sunarto,-,-,25,3
303,Tani Makmur,Desa Ponggok Kecamatan Mojo Kab. Kediri,Wahyu Supono,-,-,30,3
304,Baran Tani,Desa Ponggok Kecamatan Mojo Kab. Kediri,Rohmat,-,-,25,3
305,Kedawung Kamulyan,Desa Kedawung Kecamatan Mojo Kab. Kediri,Tamri,-,-,35,3
306,Jati Malang,Desa Kedawung Kecamatan Mojo Kab. Kediri,H. Riadi Irsad,-,-,25,3
307,Sri Katon,Desa Kraton Kecamatan Mojo Kab. Kediri,Sapto Margono,-,-,25,3
308,Ar Razaq,Desa Kraton Kecamatan Mojo Kab. Kediri,Miftakhul,-,-,33,3
309,Banyu Urip,Desa Surat Kecamatan Mojo Kab. Kediri,Yarto,-,-,71,3
310,Harapan Jaya,Desa Puncu Kecamatan Puncu Kab. Kediri,Handoko,-,-,35,3
311,Rukun Santoso,Desa Puncu Kecamatan Puncu Kab. Kediri,Sarkam,-,-,38,3
312,Wana Lestari,Desa Manggis Kecamatan Puncu Kab. Kediri,Narno,-,-,27,3
313,Bangun Wana Lestari,Desa Asmorobangun Kecamatan Puncu Kab. Kediri,Sukari,-,-,25,3
314,Dewi Sri,Desa Kanyoran Kecamatan Semen Kab. Kediri,Sunardi,-,-,30,3
315,Sri Rejeki,Desa Kanyoran Kecamatan Semen Kab. Kediri,Mat Nur Ali,-,-,37,3
316,Jati Mulyo,Desa Kanyoran Kecamatan Semen Kab. Kediri,Lamiran,-,-,29,3
317,Joho Lestari,Desa Joho Kecamatan Semen Kab. Kediri,Joko Waluyo,-,-,69,3
318,Wilis Bersemi,Desa Joho Kecamatan Semen Kab. Kediri,Suyitno,-,-,40,3
319,Bumi Pertiwi,Desa Joho Kecamatan Semen Kab. Kediri,Daman,-,-,20,3
320,Margo Mulyo,Desa Pagung Kecamatan Semen Kab. Kediri,Taji,-,-,21,3
321,Sido Dadi,Desa Pagung Kecamatan Semen Kab. Kediri,M. Sakur,-,-,20,3
322,Sido Mulyo,Desa Pagung Kecamatan Semen Kab. Kediri,Dari,-,-,25,3
323,Tani Makmur Abadi,Desa Puhsarang Kecamatan Semen Kab. Kediri,Sutarji,-,-,21,3
324,Wilis Makmur,Desa Selopanggung Kecamatan Semen Kab. Kediri,Lari,-,-,84,3
325,Wilis Mulyo,Desa Selopanggung Kecamatan Semen Kab. Kediri,Sumari,-,-,20,3
326,Wilis Mukti,Desa Selopanggung Kecamatan Semen Kab. Kediri,Kanthi Rahayu,-,-,20,3
327,Tani Rukun,Desa Puhrubuh Kecamatan Semen Kab. Kediri,Parnaji,-,-,50,3
328,Bentis Asri,Desa Manyaran Kecamatan Banyakan Kab. Kediri,Suyadi,-,-,40,3
329,Sekar Arum,Desa Tiron Kecamatan Banyakan Kab. Kediri,Marno,-,-,50,3
330,Wono Arum,Desa Tiron Kecamatan Banyakan Kab. Kediri,Salam,-,-,45,3
331,Karyo Tani,Desa Parang Kecamatan Banyakan Kab. Kediri,Sudarno,-,-,35,3
332,Lestari,Desa Parang Kecamatan Banyakan Kab. Kediri,Pangadianto,-,-,63,3
333,Sumber Ayem,Desa Parang Kecamatan Banyakan Kab. Kediri,Parmin,-,-,48,3
334,Rukun Santoso,Desa Kalipang Kecamatan Grogol Kab. Kediri,Bejo,-,-,30,3
335,Nanas Lestari,Desa Kalipang Kecamatan Grogol Kab. Kediri,Sarmun,-,-,30,3
336,Mekarsari,Desa Besowo Kecamatan Kepung Kab. Kediri,Amirianto,-,-,30,3
337,Wonomulyo,Desa Kampung Baru Kecamatan Kepung Kab. Kediri,Irwantoro,-,-,20,3
338,Delima Lestari,Desa Besowo Kecamatan Kepung Kab. Kediri,Riaji,-,-,20,3
339,Budidaya,Desa Kepung Kecamatan Kepung Kab. Kediri,Mustakim,-,-,25,3
340,Harapan Jaya,Desa Kebonrejo Kecamatan Kepung Kab. Kediri,Solikin,-,-,40,3
341,Wana Lestari,Desa Mlancu Kecamatan Kandangan Kab. Kediri,Djuwar,-,-,20,3
342,Tani Rimba Mulya,Desa Mlancu Kecamatan Kandangan Kab. Kediri,Supii,-,-,25,3
343,Tani Mulyo II,Desa Mlancu Kecamatan Kandangan Kab. Kediri,Sutiyono,-,-,30,3
344,Tani Mulyo IV,Desa Mlancu Kecamatan Kandangan Kab. Kediri,Mulyono,-,-,25,3
345,Makmur Sejahtera,Desa Medowo Kecamatan Kandangan Kab. Kediri,Poniman,-,-,35,3
346,Tunas Makmur,Desa Bulusari Kecamatan Tarokan Kab. Kediri,Munahar,-,-,30,3
347,Makmur,Desa Bulusari Kecamatan Tarokan Kab. Kediri,Jumali,-,-,35,3
348,Sawur,Desa Bulusari Kecamatan Tarokan Kab. Kediri,Sunarko,-,-,20,3
349,Jati Lestari,Desa Tarokan Kecamatan Tarokan Kab. Kediri,Jamaludin,-,-,20,3
350,Rukun Binangun,Desa Tarokan Kecamatan Tarokan Kab. Kediri,Harianto,-,-,20,3
351,Rukun Semi,Desa Tarokan Kecamatan Tarokan Kab. Kediri,Subronto,-,-,25,3
352,Geneng bumi lestari,Desa Tarokan Kecamatan Tarokan Kab. Kediri,Sadi Herwanto,-,-,25,3
353,Mitra Usaha Bersama,Desa Sempu Kecamatan Ngancar Kab. Kediri,Samsianto,-,-,30,3
354,Pasti Jadi,Desa Manggis Kecamatan Ngancar Kab. Kediri,Mirin,-,-,62,3
355,Semoga Jaya,Desa Sugihwaras Kecamatan Ngancar Kab. Kediri,Suyanto,-,-,45,3
356,Mekar Agung,Desa Sugihwaras Kecamatan Ngancar Kab. Kediri,Eko Priyono,-,-,20,3
357,Rukun Jaya,Desa Sumberagung Kecamatan Plosoklaten Kab. Kediri,0,-,-,0,3
358,Tunas Sinar Tani,Desa Wonorejo Trisulo Kecamatan Plosoklaten Kab. Kediri,Suswandi,-,-,30,3
359,Margo Mukti,Desa Sepawon Kecamatan Plosoklaten Kab. Kediri,Rahmad Sudrajat,-,-,30,3
